,station,sign,station_code,latitude,longitude
0,8012,15,8012,48.883474535757,2.326493114233
1,8020,15,8020,48.882164014664,2.3198529705405
2,9004,15,9004,48.88294340845,2.3464846238494
3,9005,15,9005,48.882633484311,2.3448844062122
4,9037,15,9037,48.881266424227,2.3281970934506
5,9038,15,9038,48.88320784122797,2.3308449949028507
6,9118,15,9118,48.882555807626765,2.3497482016682625
7,10015,15,10015,48.87433037756048,2.3621229082345963
8,10033,15,10033,48.880955741648,2.3524305148385
9,10036,15,10036,48.883886063895,2.367198803315
10,11010,15,11010,48.849259262115,2.3917546141943
11,11017,15,11017,48.854176,2.396093
12,11201,15,11201,48.8487726,2.393606
13,12015,15,12015,48.846821681548,2.4001130461693
14,12020,15,12020,48.846918761569,2.4105220288038
15,12040,15,12040,48.831240105856,2.3989107459784
16,12041,15,12041,48.8338064,2.4132221
17,12119,15,12119,48.825481574435,2.409880310297
18,12120,15,12120,48.82774555743318,2.418365478515625
19,12122,15,12122,48.83544491617421,2.431421081436563
20,12126,15,12126,48.824407,2.418455
21,12128,15,12128,48.82237977153955,2.4586871266365056
22,12129,15,12129,48.838751246689455,2.4605489149689674
23,12163,15,12163,48.82048387758518,2.446271181106568
24,13008,15,13008,48.831908520394,2.3546943448098
25,13017,15,13017,48.83252708397293,2.362354410392119
26,13023,15,13023,48.828657346203,2.353020646317
27,13026,15,13026,48.823316,2.354336
28,13041,15,13041,48.821768747596,2.3688706755638
29,13106,15,13106,48.829899841747,2.3543356766749
30,13113,15,13113,48.82365543660611,2.3615723848342896
31,13116,15,13116,48.82010494991975,2.3725583776831627
32,13117,15,13117,48.820482438381,2.3668321967125
33,13515,15,13515,48.831151602964,2.343822196126
34,14002,15,14002,48.83940266673835,2.32971478253603
35,14003,15,14003,48.83681733526843,2.3312794080411474
36,14005,15,14005,48.833056477316,2.3329411447048
37,14010,15,14010,48.82764910241,2.3261967301369
38,14012,15,14012,48.826701758539215,2.3384983465075493
39,14014,15,14014,48.819428333369,2.3433353751898
40,14016,15,14016,48.82479134498032,2.336124926805496
41,14021,15,14021,48.8242469,2.3186306
42,14022,15,14022,48.82650543613106,2.313136198271666
43,14023,15,14023,48.8236825874564,2.3077843710780144
44,14025,15,14025,48.82953336292279,2.318179272115231
45,14027,15,14027,48.83088717455243,2.318882101207347
46,14030,15,14030,48.834254627953,2.317609339387
47,14036,15,14036,48.83446472680611,2.3293386027216907
48,14104,15,14104,48.83329880233322,2.3173383995890617
49,14108,15,14108,48.82234096593411,2.327861653302471
50,14113,15,14113,48.83507657562064,2.3415737262044938
51,14117,15,14117,48.839203843292,2.3208839446306
52,14127,15,14127,48.842885590081,2.3244281485677
53,14128,15,14128,48.83453413883994,2.313154547426182
54,14131,15,14131,48.822032,2.329095
55,14133,15,14133,48.835147319625,2.3294411972165
56,14135,15,14135,48.81989734315668,2.339700796412437
57,14136,15,14136,48.82577028927573,2.321041524410248
58,14138,15,14138,48.828012849445,2.3056878894567
59,14139,15,14139,48.83059564231877,2.3119183257222176
60,15045,15,15045,48.82805169605981,2.2924277186393742
61,15047,15,15047,48.83310149953933,2.299380004405976
62,15114,15,15114,48.8389284,2.316356
63,16013,15,16013,48.863936848472,2.2765953093767166
64,16027,15,16027,48.85286124871689,2.268483570651513
65,16105,15,16105,48.87080942867,2.2811490076919
66,16108,15,16108,48.863875,2.28189
67,16111,15,16111,48.859403,2.276522
68,16112,15,16112,48.8569864146289,2.282173218142987
69,16115,15,16115,48.85258670812,2.262925245615196
70,16129,15,16129,48.86218070933143,2.2617871686816216
71,16138,15,16138,48.85772148887421,2.2549109905958176
72,16139,15,16139,48.868570404348,2.266000919044
73,16202,15,16202,48.861773096259,2.2838841134601
74,17005,15,17005,48.89032998912038,2.319730559929781
75,17017,15,17017,48.88713901475306,2.314494143994255
76,17022,15,17022,48.887070607581215,2.304111124531457
77,17027,15,17027,48.885263,2.298286
78,17033,15,17033,48.875443870736,2.2938242935036
79,17125,15,17125,48.88863669349711,2.3111706599593163
80,18006,15,18006,48.884687354509,2.3441386967897
81,18017,15,18017,48.889677905028,2.3381787144261
82,18023,15,18023,48.891213890844654,2.351288666219873
83,18032,15,18032,48.897488,2.343996
84,18046,15,18046,48.88794016394694,2.326124420314341
85,18134,15,18134,48.8978867,2.3458001
86,19026,15,19026,48.88192765861766,2.392586767673493
87,19036,15,19036,48.88005222200894,2.4008650346327003
88,19037,15,19037,48.87660391892763,2.404769691129476
89,19039,15,19039,48.87979886049996,2.374839261174202
90,19041,15,19041,48.8741908,2.3860039
91,19043,15,19043,48.893923963057865,2.39790290594101
92,19121,15,19121,48.875565910073,2.3930460959673
93,19202,15,19202,48.889371092747,2.3979396821544
94,19210,15,19210,48.876644633122,2.3920327806309
95,20001,15,20001,48.848364667777,2.3997623859813
96,20002,15,20002,48.8736824,2.3960278
97,20004,15,20004,48.847040552603,2.4160453677177
98,20007,15,20007,48.851617204999,2.4015135973077
99,20008,15,20008,48.85324689821199,2.405871044529538
100,20010,15,20010,48.865217631011,2.3936596512794
101,20013,15,20013,48.85533710742046,2.399770368764629
102,20014,15,20014,48.856077415056,2.3948693275452
103,20019,15,20019,48.877321579493575,2.4083782732486725
104,20021,15,20021,48.86254398506782,2.403290458023548
105,20022,15,20022,48.86470713912298,2.408344637349607
106,20024,15,20024,48.86429569616588,2.398228667282044
107,20029,15,20029,48.8780992764359,2.41104629853209
108,20033,15,20033,48.86798303359366,2.3851405311143026
109,20035,15,20035,48.8693268535238,2.395084574818611
110,20036,15,20036,48.870682633845,2.3989596023316
111,20039,15,20039,48.868831082877,2.3809862136841
112,20042,15,20042,48.87202880542,2.3918598091484
113,20047,15,20047,48.847238029966,2.4107042336225
114,20103,15,20103,48.86803439043193,2.411030612453627
115,20104,15,20104,48.86216198070008,2.41112578185621
116,20106,15,20106,48.865302324275,2.3990669846535
117,20113,15,20113,48.87195626635528,2.384981390278095
118,20117,15,20117,48.87266656122256,2.407912909984589
119,20131,15,20131,48.859358523593,2.3896131366845
120,20132,15,20132,48.852566752033766,2.403928068708116
121,20137,15,20137,48.87330497045532,2.4014145880937576
122,20142,15,20142,48.86413050966805,2.39164982067019
123,20143,15,20143,48.871031137596,2.379056852114
124,20202,15,20202,48.8679385,2.4003649
125,20205,15,20205,48.870493041975,2.404957212224
126,21017,15,21017,48.833288650307,2.2441747784615
127,21213,15,21213,48.815007,2.328318
128,21328,15,21328,48.816376985087,2.2670380088932
129,21401,15,21401,48.800612,2.262151
130,21706,15,21706,48.8232579,2.2965213
131,22402,15,22402,48.821475594736775,2.3026576638221745
132,22603,15,22603,48.79382498863652,2.2731140430551027
133,22604,15,22604,48.790844603480856,2.287145593031945
134,23105,15,23105,48.821443218278,2.2150785306885
135,23203,15,23203,48.798666226364,2.2833752789972
136,23702,15,23702,48.80887149094033,2.188134044408798
137,24101,15,24101,48.826073335699,2.1894485725692
138,25010,15,25010,48.858446,2.192077
139,31016,15,31016,48.86223916006812,2.4435862898826604
140,31017,15,31017,48.8622179854695,2.45533436536789
141,31019,15,31019,48.85493692155721,2.436049282550812
142,31023,15,31023,48.86492782016328,2.442958317697048
143,31024,15,31024,48.86785,2.446748
144,31025,15,31025,48.86950262156371,2.4502260982990265
145,31705,15,31705,48.86445913468464,2.416177801787853
146,31708,15,31708,48.874515389637,2.4152836203575
147,32302,15,32302,48.87714120835904,2.4461565166711807
148,32305,15,32305,48.882877330093,2.4331868384644
149,32306,15,32306,48.883814948134,2.4402657783125
150,32601,15,32601,48.87861855668978,2.412032783031464
151,32603,15,32603,48.88104925098552,2.424993216991425
152,32604,15,32604,48.881287375060616,2.420119643211365
153,32605,15,32605,48.87914304162,2.4163350908311
154,40014,15,40014,48.769807356177,2.4623027310281
155,41202,15,41202,48.8436279,2.4630465
156,41302,15,41302,48.83649602312711,2.479562651149885
157,42026,15,42026,48.81552718820216,2.3687169334905405
158,42703,15,42703,48.80956436844049,2.3626908659935
159,42707,15,42707,48.81240466867336,2.361709177494049
160,43006,15,43006,48.841486,2.430793
161,46001,15,46001,48.7672039733195,2.4144977331161503
162,48001,15,48001,48.800123,2.3567359
163,48002,15,48002,48.805342480621576,2.363983690738678
164,48005,15,48005,48.792862,2.363093
165,51001,15,51001,48.94702243680671,2.256898172199726
166,1001,-15,1001,48.857058739111,2.3417982839439
167,1013,-15,1013,48.862382970647,2.3384822532535
168,1016,-15,1016,48.866483514509,2.3344334212238
169,1018,-15,1018,48.864773553495,2.3294493936128
170,1025,-15,1025,48.861342760889,2.3400047421455
171,1026,-15,1026,48.86349087172447,2.3400671035051346
172,1102,-15,1102,48.864053304653766,2.347587011754513
173,2001,-15,2001,48.865242333228,2.3516669869423
174,2017,-15,2017,48.86785342111862,2.349364310503006
175,2101,-15,2101,48.86617395079137,2.3449775576591496
176,3001,-15,3001,48.8580378,2.3679352
177,3005,-15,3005,48.86610337431,2.3596492409706
178,3006,-15,3006,48.86446178139141,2.361762821674347
179,3007,-15,3007,48.8623615,2.3595041
180,3012,-15,3012,48.867433724231,2.3536357283592
181,3102,-15,3102,48.863933319493,2.352406270802
182,4003,-15,4003,48.852915956209,2.3521957173944
183,4007,-15,4007,48.852364355271,2.3681089282036
184,4011,-15,4011,48.853899645527,2.3569472506642
185,4013,-15,4013,48.858256413365815,2.35821794718504
186,4015,-15,4015,48.855949910497,2.3563823103905
187,4016,-15,4016,48.8562118,2.3532536
188,4018,-15,4018,48.857999643315,2.3502172809763
189,4019,-15,4019,48.858835448898,2.3518279194832
190,4101,-15,4101,48.853833463852,2.3685702681541
191,4108,-15,4108,48.85097433194,2.3563072085381
192,4110,-15,4110,48.85355351439652,2.3639122769236565
193,5019,-15,5019,48.84969649427,2.3529685288668
194,5026,-15,5026,48.83906195215975,2.349978201091289
195,5027,-15,5027,48.837135900263,2.3515201359987
196,5034,-15,5034,48.840658921385234,2.3537524044513702
197,5115,-15,5115,48.84266846610488,2.3618587106466293
198,5116,-15,5116,48.844182577315,2.3640366643667
199,5123,-15,5123,48.850571,2.3471015
200,6013,-15,6013,48.855280175332,2.3375743255019
201,6015,-15,6015,48.85375581057431,2.3390958085656166
202,6016,-15,6016,48.852297362582,2.3414132371545
203,6020,-15,6020,48.852886173881,2.3426544293761
204,6025,-15,6025,48.8492084999386,2.32851454623001
205,6026,-15,6026,48.8490535919234,2.325317971408367
206,6031,-15,6031,48.850908146398,2.342130728066
207,6032,-15,6032,48.852575112948415,2.331552766263485
208,6103,-15,6103,48.85023459321703,2.3303819820284843
209,6107,-15,6107,48.850188262662,2.3275961726904
210,6108,-15,6108,48.84708159081946,2.321374788880348
211,7013,-15,7013,48.847460641142,2.3126140236855
212,7015,-15,7015,48.857202661803,2.3152771219611
213,7016,-15,7016,48.861273016278,2.3094535509142
214,7023,-15,7023,48.860897797941,2.295599598447
215,8015,-15,8015,48.873450733908,2.3204044997692
216,8016,-15,8016,48.87320440102894,2.323658830743138
217,9101,-15,9101,48.875601632672,2.3435704037547
218,10004,-15,10004,48.870893,2.353521
219,10005,-15,10005,48.87397217237368,2.348388757504776
220,10014,-15,10014,48.871624306962985,2.3639265082738348
221,10042,-15,10042,48.872420063053,2.3483952362828
222,11004,-15,11004,48.852191909696,2.3740932717919
223,11033,-15,11033,48.856931678257,2.3706749462105
224,11037,-15,11037,48.867872484749,2.3648982158072
225,11038,-15,11038,48.865709343796,2.3652737250724
226,11047,-15,11047,48.861142162761,2.3677996181077
227,11101,-15,11101,48.85242200848887,2.380632497370243
228,12001,-15,12001,48.851355779579,2.369220033288
229,12008,-15,12008,48.84693552991762,2.377087622880936
230,12031,-15,12031,48.8351212784276,2.385534569621086
231,12165,-15,12165,48.835261,2.447974
232,12204,-15,12204,48.850330563516,2.3758223011125
233,13016,-15,13016,48.83094844846017,2.37965351592796
234,13028,-15,13028,48.820507,2.351342
235,13047,-15,13047,48.822632,2.377738
236,13104,-15,13104,48.84369030864,2.3657163977623
237,13118,-15,13118,48.82435782216384,2.377065159380436
238,13128,-15,13128,48.83730787972,2.3740861260598
239,15010,-15,15010,48.84756654526,2.3025691509247
240,15022,-15,15022,48.84705114311375,2.295340597629548
241,15028,-15,15028,48.851315406715976,2.291950285434724
242,15030,-15,15030,48.84791249714942,2.2843059897422795
243,15031,-15,15031,48.8482070397636,2.2898658737540245
244,15032,-15,15032,48.83868901709515,2.2818081825971603
245,15059,-15,15059,48.840639944297,2.2780618071556
246,15062,-15,15062,48.842055041656,2.2859910875559
247,15064,-15,15064,48.846276485475,2.2786368057132
248,15070,-15,15070,48.838507403334,2.2782871127129
249,15103,-15,15103,48.843372571022,2.2751328349113
250,15107,-15,15107,48.833468517426,2.2858720645308
251,15120,-15,15120,48.8296843300915,2.275342586850291
252,15127,-15,15127,48.846401,2.28502
253,15129,-15,15129,48.84604349011845,2.313245013356209
254,16003,-15,16003,48.8778983,2.2789591
255,16025,-15,16025,48.85264791461651,2.27586641907692
256,16029,-15,16029,48.85132886434057,2.277785539627075
257,16121,-15,16121,48.87877224251047,2.270772233605385
258,16122,-15,16122,48.8798926,2.2587671
259,16124,-15,16124,48.87525984132485,2.249415814876557
260,16140,-15,16140,48.86413226532,2.239905372262
261,17127,-15,17127,48.896737263309504,2.310542999196392
262,21023,-15,21023,48.838311,2.234077
263,21032,-15,21032,48.837809408957,2.2281519323587
264,21107,-15,21107,48.89925982394349,2.3042294383049016
265,21310,-15,21310,48.8268858430698,2.2723413258790965
266,21311,-15,21311,48.827472525227,2.2784319519997
267,21313,-15,21313,48.83091743371036,2.279070653021336
268,21314,-15,21314,48.824753068884,2.2588385956052
269,21323,-15,21323,48.827228120536,2.268122527474
270,22001,-15,22001,48.890404028589806,2.270106375217438
271,22304,-15,22304,48.943681749651,2.3057864216906
272,23003,-15,23003,48.89826887103676,2.2849336266517644
273,23009,-15,23009,48.88873214926474,2.288157641887665
274,23011,-15,23011,48.88666162207,2.2843274474144
275,23101,-15,23101,48.8218104687602,2.205879874527455
276,23806,-15,23806,48.85440659426,2.1975097137701
277,24007,-15,24007,48.90310883721567,2.278892956674099
278,25002,-15,25002,48.878194,2.181724
279,30003,-15,30003,48.90755810177,2.4689837335263
280,41208,-15,41208,48.85511009293948,2.4930700287222862
281,41304,-15,41304,48.832474421632,2.490257616467
282,42004,-15,42004,48.81911618157877,2.3966637253761296
283,42011,-15,42011,48.822556366667,2.3920395970345
284,42022,-15,42022,48.813881,2.392429
285,43101,-15,43101,48.743385629116,2.4025604826094
286,43202,-15,43202,48.757926073227,2.4036482119581
287,44001,-15,44001,48.80391487219,2.4089661620274
288,44002,-15,44002,48.80108159069614,2.402097210288048
289,47008,-15,47008,48.80929410761,2.4596271973784
